IncidentNumber,AlertId,AlertName,IncidentTitle,Entities
488394,aebf13e2-c7c9-93c1-385e-c8e4f73d6aa7,UC-Custom- AD Sign-in attempts from domain accounts,UC-Custom- AD Sign-in attempts from domain accounts,"[{""$id"":""3"",""Name"":""VPKGRP\\cg.ssash"",""IsDomainJoined"":false,""Type"":""account"",""AccountName"":""VPKGRP\\cg.ssash""},{""$id"":""4"",""Name"":""VPKGRP.INT\\cg.ssash"",""IsDomainJoined"":false,""Type"":""account"",""AccountName"":""VPKGRP.INT\\cg.ssash""},{""$id"":""5"",""HostName"":""SVBE-SCCM01.vpkgrp.int"",""Type"":""host""},{""$id"":""6"",""HostName"":""SVFR01-DMC01.vpkgrp.int"",""Type"":""host""},{""$id"":""7"",""HostName"":""vpk-az1-dc01.vpkgrp.int"",""Type"":""host""},{""$id"":""8"",""HostName"":""svse01-dmc01.vpkgrp.int"",""Type"":""host""},{""$id"":""9"",""HostName"":""SVPL02-DMC01.vpkgrp.int"",""Type"":""host""},{""$id"":""10"",""HostName"":""SVUK04-DMC02.vpkgrp.int"",""Type"":""host""}]"
488538,52f2bc0f-7c6a-4d71-26d4-2f35012a3a10,UC-Custom- AD Sign-in attempts from domain accounts,UC-Custom- AD Sign-in attempts from domain accounts,"[{""$id"":""3"",""Name"":""VPKGRP\\cg.ssash"",""IsDomainJoined"":false,""Type"":""account"",""AccountName"":""VPKGRP\\cg.ssash""},{""$id"":""4"",""HostName"":""SVBE-SCCM01.vpkgrp.int"",""Type"":""host""}]"
488353,c18a3ecb-a058-7c1f-ca82-536001a47574,UC-Custom- AD Sign-in attempts from domain accounts,UC-Custom- AD Sign-in attempts from domain accounts,"[{""$id"":""3"",""Name"":""VPKGRP\\cg.ssash"",""IsDomainJoined"":false,""Type"":""account"",""AccountName"":""VPKGRP\\cg.ssash""},{""$id"":""4"",""Name"":""VPKGRP.INT\\cg.ssash"",""IsDomainJoined"":false,""Type"":""account"",""AccountName"":""VPKGRP.INT\\cg.ssash""},{""$id"":""5"",""HostName"":""SVBE-SCCM01.vpkgrp.int"",""Type"":""host""},{""$id"":""6"",""HostName"":""svse01-dmc01.vpkgrp.int"",""Type"":""host""},{""$id"":""7"",""HostName"":""SVPL04-DMC01.vpkgrp.int"",""Type"":""host""},{""$id"":""8"",""HostName"":""SVUK04-DMC02.vpkgrp.int"",""Type"":""host""},{""$id"":""9"",""HostName"":""SVFR01-DMC01.vpkgrp.int"",""Type"":""host""},{""$id"":""10"",""HostName"":""svgrp-cgsam02.vpkgrp.int"",""Type"":""host""},{""$id"":""11"",""HostName"":""svse01-mgmt01.vpkgrp.int"",""Type"":""host""}]"
488531,89dd4a12-a78e-2948-9cb1-3555a2acf4a9,UC-Custom- AD Sign-in attempts from domain accounts,UC-Custom- AD Sign-in attempts from domain accounts,"[{""$id"":""3"",""Name"":""VPKGRP\\cg.ssash"",""IsDomainJoined"":false,""Type"":""account"",""AccountName"":""VPKGRP\\cg.ssash""},{""$id"":""4"",""HostName"":""SVBE-SCCM01.vpkgrp.int"",""Type"":""host""}]"
488263,3bc1f6fa-9aec-b267-f607-4521730a99cd,UC-Custom- AD Sign-in attempts from domain accounts,UC-Custom- AD Sign-in attempts from domain accounts,"[{""$id"":""3"",""Name"":""VPKGRP\\cg.ssash"",""IsDomainJoined"":false,""Type"":""account"",""AccountName"":""VPKGRP\\cg.ssash""},{""$id"":""4"",""Name"":""VPKGRP.INT\\cg.ssash"",""IsDomainJoined"":false,""Type"":""account"",""AccountName"":""VPKGRP.INT\\cg.ssash""},{""$id"":""5"",""HostName"":""SVPL05-DMC01.vpkgrp.int"",""Type"":""host""},{""$id"":""6"",""HostName"":""SVUK01-DMC02.vpkgrp.int"",""Type"":""host""},{""$id"":""7"",""HostName"":""svuk06-dmc01.vpkgrp.int"",""Type"":""host""},{""$id"":""8"",""HostName"":""SVNL03-DMC01.vpkgrp.int"",""Type"":""host""},{""$id"":""9"",""HostName"":""vpk-az1-dc01.vpkgrp.int"",""Type"":""host""},{""$id"":""10"",""HostName"":""SVNL02-DMC01.vpkgrp.int"",""Type"":""host""},{""$id"":""11"",""HostName"":""SVBE-SCCM01.vpkgrp.int"",""Type"":""host""},{""$id"":""12"",""HostName"":""SVPL02-DMC01.vpkgrp.int"",""Type"":""host""},{""$id"":""13"",""HostName"":""SVPL04-DMC01.vpkgrp.int"",""Type"":""host""},{""$id"":""14"",""HostName"":""svse01-dmc01.vpkgrp.int"",""Type"":""host""},{""$id"":""15"",""HostName"":""svdk01-dmc01.vpkgrp.int"",""Type"":""host""},{""$id"":""16"",""HostName"":""SVUK04-DMC02.vpkgrp.int"",""Type"":""host""},{""$id"":""17"",""HostName"":""SVFR01-DMC01.vpkgrp.int"",""Type"":""host""}]"
488441,3e176ccc-2b43-c082-8b41-14259a0e8627,UC-Custom- AD Sign-in attempts from domain accounts,UC-Custom- AD Sign-in attempts from domain accounts,"[{""$id"":""3"",""Name"":""VPKGRP\\cg.ssash"",""IsDomainJoined"":false,""Type"":""account"",""AccountName"":""VPKGRP\\cg.ssash""},{""$id"":""4"",""HostName"":""SVBE-SCCM01.vpkgrp.int"",""Type"":""host""}]"
488522,52dc46f4-b2c7-948a-fd74-31134ba8b4d0,UC-Custom- AD Sign-in attempts from domain accounts,UC-Custom- AD Sign-in attempts from domain accounts,"[{""$id"":""3"",""Name"":""VPKGRP\\cg.ssash"",""IsDomainJoined"":false,""Type"":""account"",""AccountName"":""VPKGRP\\cg.ssash""},{""$id"":""4"",""HostName"":""SVBE-SCCM01.vpkgrp.int"",""Type"":""host""}]"
488527,25c9a992-c28a-63fa-edf3-802420874a40,UC-Custom- AD Sign-in attempts from domain accounts,UC-Custom- AD Sign-in attempts from domain accounts,"[{""$id"":""3"",""Name"":""VPKGRP\\cg.ssash"",""IsDomainJoined"":false,""Type"":""account"",""AccountName"":""VPKGRP\\cg.ssash""},{""$id"":""4"",""HostName"":""SVBE-SCCM01.vpkgrp.int"",""Type"":""host""}]"
488305,b0d62212-0ac4-5f94-6488-8def4b56e598,UC-Custom- AD Sign-in attempts from domain accounts,UC-Custom- AD Sign-in attempts from domain accounts,"[{""$id"":""3"",""Name"":""VPKGRP\\cg.ssash"",""IsDomainJoined"":false,""Type"":""account"",""AccountName"":""VPKGRP\\cg.ssash""},{""$id"":""4"",""HostName"":""SVPL04-DMC01.vpkgrp.int"",""Type"":""host""},{""$id"":""5"",""HostName"":""SVUK01-DMC02.vpkgrp.int"",""Type"":""host""},{""$id"":""6"",""HostName"":""svuk06-dmc01.vpkgrp.int"",""Type"":""host""},{""$id"":""7"",""HostName"":""SVPL02-DMC01.vpkgrp.int"",""Type"":""host""},{""$id"":""8"",""HostName"":""SVNL02-DMC01.vpkgrp.int"",""Type"":""host""},{""$id"":""9"",""HostName"":""SVNL03-DMC01.vpkgrp.int"",""Type"":""host""},{""$id"":""10"",""HostName"":""svdk01-dmc01.vpkgrp.int"",""Type"":""host""},{""$id"":""11"",""HostName"":""svse01-dmc01.vpkgrp.int"",""Type"":""host""},{""$id"":""12"",""HostName"":""SVBE-SCCM01.vpkgrp.int"",""Type"":""host""},{""$id"":""13"",""HostName"":""SVUK04-DMC02.vpkgrp.int"",""Type"":""host""},{""$id"":""14"",""HostName"":""SVFR01-DMC01.vpkgrp.int"",""Type"":""host""}]"
488487,0887c27e-44d7-402b-c2a2-b3971a849b42,UC-Custom- AD Sign-in attempts from domain accounts,UC-Custom- AD Sign-in attempts from domain accounts,"[{""$id"":""3"",""Name"":""VPKGRP\\cg.ssash"",""IsDomainJoined"":false,""Type"":""account"",""AccountName"":""VPKGRP\\cg.ssash""},{""$id"":""4"",""HostName"":""SVBE-SCCM01.vpkgrp.int"",""Type"":""host""}]"
488490,07a8d073-2eb2-9002-5a00-da2b2c368b0e,UC-Custom- AD Sign-in attempts from domain accounts,UC-Custom- AD Sign-in attempts from domain accounts,"[{""$id"":""3"",""Name"":""VPKGRP\\cg.ssash"",""IsDomainJoined"":false,""Type"":""account"",""AccountName"":""VPKGRP\\cg.ssash""},{""$id"":""4"",""HostName"":""SVBE-SCCM01.vpkgrp.int"",""Type"":""host""}]"
